718114883238105088	#CatBooks @midnight The Red Dot of Insanity	0
718107632486129664	Stray it Forward #CatBooks @midnight #pointsme	0
718112729031114753	I Know How the Caged Bird Tastes  #CatBooks @midnight	0
718116313843916800	#CatBooks  The Mount of Monte's Cristo  @midnight	0
718123542517321729	@midnight  #CatBooks Are You There God It's Me Fluffy.	0
718124524059930624	Meow Before You #CatBooks @midnight	0
718112048123678720	Are You There, Human?  It's Me, Mittens  #CatBooks @midnight	0
718107503481868288	James and the Tenative Reach #CatBooks @midnight	0
718127674137321473	A Clockwork Orange Tabby. #CatBooks @midnight	0
718107604476538882	The Girl Who Loved Tom Cats #CatBooks @midnight	0
718125062340145152	#CatBooks @midnight  To Kill a Mocking Bird, Any Bird Really	0
718107831375822848	@midnight Tale of Two Kitties #CatBooks	0
718101075530801154	ARE YOU THERE DOG? IT'S ME, GARFIELD   @midnight #CatBooks	0
718122101761134592	@midnight   "Cat Fight Club" #CatBooks	0
718108848070873089	The Sound and the Furry #CatBooks @midnight #pointsme	0
718116921015709696	A Song of Mice and Fur @midnight #CatBooks	0
718107125260521472	See Cats Run. @midnight  #CatBooks	0
718123646665928704	Litter Box on the Prairie #CatBooks @midnight	0
718103082568138753	The Nine Lives of Walter Kitty @midnight #CatBooks	0
718111701506232320	Lady Catterley's Lover. #CatBooks @midnight	0
718114188900458497	#CatBooks @midnight The Mousefinder	0
718112960950968320	Leaves of Cat-Grass  #CatBooks @midnight	0
718111025090789376	Love In The Time Of Hairballs #CatBooks @midnight	0
718125130153648129	I'm still here Hulu has rolled on to @midnight The hashtag wars, #Catbooks ! Tiffany Haddish from the great #CarmichaelShow is on too!	0
718114759757922304	#CatBooks A Farewell To Arm Chairs @midnight	0
718101745356787712	The Handmaid's Yarn #CatBooks @Midnight https://t.co/lh4OZuXic2	0
718110637914595330	100 Years Of Ingratitude #CatBooks @midnight	0
718124947453906945	#CatBooks @midnight  The Scratcher in the Rye	0
718100104406818816	@DuckMusings Don't you mean "Scratcher in the Eye"? #CatBooks @midnight	0
718118973934596098	Are You There God? Its Me, Morris #CatBooks @midnight	0
718114769757188097	Kitten Poop for the Soul #CatBooks @midnight	0
718106861833052160	The Cats of Amontillado #CatBooks @midnight #pointsme	0
718107811964694528	@midnight One Fish Two Fish My Fish No (more) Fish #CatBooks	0
718118808288944128	@midnight meow-by dick #CatBooks	0
718112111562338304	A Clockwork Orange Tabby #CatBooks @midnight #pointsme	0
718126356354228224	The cat in the cat #CatBooks @midnight	0
718123861615583232	@midnight  #CatBooks My Side Of The Scratching Post.	0
718110487850803200	@midnight  the Cat in her Gap #CatBooks	0
718107523648106496	#CatBooks @midnight As I Lay Dying ... I'm Unconcerned Cuz I Gotz 8 More To Go!	0
718114546104147968	#CatBooks @midnight Bring 'em Back Alive and give them to your human	0
718103530129776640	The Invisible Maze Runner. #CatBooks @midnight	0
718116908181164032	THE BIG SHORTHAIR   @midnight #CatBooks	0
718102036479344640	The Brief Wondrous Life of Oscar Meow #CatBooks @midnight	0
718125395866886144	@midnight The cat that flew over the cuckoos nest. #catbooks	0
718129189489156100	The Secret Life of Walter Kitty  #CatBooks @midnight	0
718121472485527552	@midnight The Chronicles of Narnia? #Catbooks	0
718108299992961025	@midnight I Know Why The Caged Bird Is Nervous #CatBooks	0
718113573575204864	Oh, The Places You'll Look For Me, But I Won't Be In Any Of Them  #CatBooks @midnight	0
718112861109817344	The Smell Jar  #CatBooks @midnight	0
718128717575430145	Purrassic Park #CatBooks @Midnight #HashtagWars	0
718116606748983296	Things Ripped Apart. #CatBooks @midnight	0
718104023379759109	50 Shades of Stray #CatBooks @midnight	0
718116880230158336	@midnight Damnit!  I missed the #CatBooks hashtag game!! 	0
718129022291415040	The Catfather #CatBooks @midnight https://t.co/MBfwyxwvww	0
718107704095416320	Harry Potter and the Goblet of Catnip #CatBooks @midnight	0
718112468892049408	The Importance of Feeding Ernest.  Ernest is the Cat's Name.  #CatBooks @midnight	0
718107178893070339	A Feral to Arms #CatBooks @midnight #pointsme	0
718121314268094464	Hey @midnight! You dig #CatBooks. Check out the one I wrote on @readstela. It's called SPACE TAILS. https://t.co/M6Gx6OxZqx	0
718109846340370432	Lord of the Felines #CatBooks @midnight #pointsme	0
718118566654967809	Eat, Sleep, Bite #CatBooks @midnight	0
718125723295293440	#CatBooks @midnight  The Seven Habits Of Bloodthirsty Killing Machines	0
718118496031346691	@midnight Harry Pussy and the Prisoner of the Laundry Basket #catbooks	0
718107977790656512	@midnight The Angry Cat in the Hat #CatBooks	0
718103121151524864	"To Kill A Mockingbird" for lunch  #CatBooks @midnight	0
718113057881370624	Who Has Been Chewing on All the Flowers for Algernon?  #CatBooks @midnight	0
718117680759369728	@midnight Harry Potter &amp; the Litter of Secrets #CatBooks	0
718104610465062912	@midnight  #CatBooks , not a book but still funny, 2 cats, 1 litter box	0
718124907167617024	#CatBooks @midnight  The Old Man And The Cat Who Ate His Face	0
718120390661263360	The Thirty-Nine Lives. #CatBooks @midnight	0
718107854142439424	The Purrfect Storm #CatBooks @midnight	0
718122492938727424	50 Shades Of Pussy  #CatBooks @midnight	0
718124344883306496	The Stray Who Came in From the Cold. #CatBooks @midnight	0
718112222774370305	@midnight #CatBooks Catcher 'n the Fly	0
718114964318371840	Alice in catnip land  #CatBooks  @midnight	0
718115098233950209	#CatBooks @midnight The Call of the Windowsill	0
718111412221001730	Scratch 22 Times For Seemingly No Reason #CatBooks @midnight	0
718105399463964672	Even my Cat Knows That Rush Limbaugh is a Big Fat Idiot #catbooks @midnight	0
718103165657300993	Memories of the Future...  When we rule the world. #CatBooks @midnight @wilw	0
718111549198471169	@midnight #CatBooks to disembowel a mockingbird	0
718117219981373440	Rocking Chair nightmare @midnight #CatBooks	0
718114113692557312	Alexander and the Terrible, Horrible, No-Good, Very Bad Day That We Ran Out of Kitty Treats!  #CatBooks @midnight	0
718112786916708353	A Cat Tree Grows In Brooklyn  #CatBooks @midnight	0
718114263395672065	@midnight #catbooks  the cat in the box... https://t.co/3QWfVmOfio	0
718102431633170432	A Tale of Two Kittys #CatBooks @midnight	0
718114273130467333	Cat-lover's Travels. #CatBooks @midnight	0
718114309318905856	#CatBooks @midnight Fang and Claw	0
718126500847820800	@midnight  #catbooks 50 shades of tabby	0
718103003249643521	#CatBooks @midnight https://t.co/kKF04Ybrdp	0
718115428489408512	Must Hate Dogs #CatBooks @midnight	0
718124172967157760	One Flew Over the Cuckoo's Nest (Before Getting Caight and Eaten). #CatBooks @midnight	0
718129354094600192	The Scratcher in the Eye  #CatBooks @midnight	0
718102040212324352	Run All Night... Over your head, for no reason.   #CatBooks @midnight	0
718128736802091008	Harry Pussy and the Order of the Birdy @midnight #CatBooks #NoodleStories	0
718106357136625664	The Hound of the Baskervilles is a Doo Doo Head #CatBooks @midnight	0
718105098191286272	@midnight Pride and Aloofness #CatBooks	0
718113717423120385	@midnight Friskies Business #CatBooks	0
718123721664434176	@midnight  #CatBooks Everybody Poops...In A Box...	0
718123398115799040	@midnight #CatBooks wind in the pussywillows	0
718101992023965697	The Litter Prince @midnight #CatBooks	0
718108463545454593	Eat. Prey. Lick. #CatBooks @midnight	0
718127843830591488	Eat Purr Love #CatBooks @midnight	0
718104344864886784	@midnight Of Mice and Birds #CatBooks	0
718118739204395008	Tiger, Toyger, Snowshoe, Bombay. #CatBooks @midnight	0
718115705397370880	Calico of the Wild #CatBooks @midnight	0
718103355013378048	@midnight #CatBooks  .." Fifty Shades of Cat Hair"	0
718112306945781760	@midnight #catbooks best little cathouse in Texas https://t.co/uq9rhLDrAh	0
718104766291820545	Tender Vittle Women #CatBooks @midnight	0
718102480412938240	Zoe's Tail. #CatBooks @midnight @scalzi	0
718102753831174144	You're Never Weird on the Internet, when you're a cat. #CatBooks @midnight @feliciaday	0
718114162757468161	@midnight "The Power of Meow: A spiritual enlightenment" #CatBooks	0
718112483144245248	Cat of la munchies #catbooks @midnight   #howtoruinacollection https://t.co/xznMbBpZbn	0
718116396635258880	For Whom the Collar's Bell Tolls. #CatBooks @midnight	0
718115028965019648	Devon Rex. #CatBooks @midnight	0
718128903886397440	#CatBooks As I Lay Purring @midnight	0
718106717469458434	1 Fish 2 Fish Red Fish Yum  @midnight #CatBooks	0
718120795742937089	A Tale of Two Kitties #CatBooks @midnight	0
718129137991434240	#CatBooks The Round and The Furry @midnight	0
718105139022839812	Ate the Mockingjay #catbooks @midnight	0
718113796133363712	A Wrinkle In Time Is The Only Explanation For How Good This Cat Is At Hiding From Me  #CatBooks @midnight	0
718112090431623168	@midnight All the Light We Cannot Catch #CatBooks	0
718114365702955008	#CatBooks @midnight Kitten Carson	0
718106026000580614	To Kill A Mockingbird and leave it in my owners shoes for them to find. #CatBooks  @midnight	0
718107532237996033	#CatBooks  The Color Purrple  @midnight	0
718103394133610496	Octopussy The Nadya Suleman Story #CatBooks @midnight	0
717920404522803200	To Haz and Haz Not #CatBooks @midnight	1
717921330063015936	So Long, And Manx For All The Fish #CatBooks @midnight	1
717927145377570816	Me Toxoplasmosis Pretty One Day #CatBooks @midnight	1
717930878459121664	Hunt for red dot over and over  #CatBooks @midnightnight #lasers	1
717918202731233281	@midnight The Chronicles of Yarnia #CatBooks	1
717923251935178752	The Feline of The Baskervilles #CatBooks @midnight	1
717946340538327040	#CatBooks @midnight  I Know Why the Caged Bird No Longer Sings	1
717920279456952320	Spay It Forward #CatBooks @midnight	2
717917544787677184	Of Mice and Mice  #CatBooks @midnight	1
717919252053819392	Fancy Feast Of Eden   #CatBooks @midnight	1
