677182271632248832	@midnight 5 Golden @rainnwilson (s) #HolidayCelebs #PointsMe	0
677167427172478978	#HolidayCelebs Vin Dreidel @midnight	0
677174581690519552	Chris Columbus Day   #HolidayCelebs @midnight	0
677185569068351488	Julia Childermas  #HolidayCelebs @midnight	0
677174082744557569	Daniel Arbor Day Lewis   #HolidayCelebs @midnight	0
677183970577108993	Saint Nick Cage #HolidayCelebs @midnight	0
677164531458543616	Rudolph Giuliani #HolidayCelebs @midnight	0
677169762879873025	Jingle Bella Lugosi #HolidayCelebs @midnight	0
677163839922692098	Elves Presley #HolidayCelebs @midnight	0
677179203201044481	Lisa LEG LAMPanelli #HolidayCelebs #PointsMe @midnight midnight @LisaLampanelli	0
677166967778742272	Dr. Dreidel #HolidayCelebs @midnight	0
677190799579332608	#HolidayCelebs  MistleTony Danza @midnight	0
677178169397542912	Santa claude van damme @midnight #HolidayCelebs	0
677172906971959296	Lent Eastwood @midnight #HolidayCelebs	0
677162585188380673	MistlePerry #HolidayCelebs @midnight	0
677165021856579584	@midnight #HolidayCelebs Jimmy Fa La La La La La La Lon @pileckis	0
677185572591529984	Kim Kardashing through the snow #HolidayCelebs #PointsMe @midnight	0
677165468159897600	Saint West Nicholas #HolidayCelebs @midnight	0
677190366009929728	Jingle Bela Lugosi #HolidayCelebs  @midnight	0
677175261411024896	Chanukah Harrison Ford  #HolidayCelebs @midnight	0
677186271589060608	Bruce Campbell Wednesday #HolidayCelebs @midnight	0
677174101249667072	Nicholas St. Cage @midnight #holidaycelebs	0
677190070411984896	Santa Klaus Barbie #HolidayCelebs @midnight	0
677183839819575297	@midnight It's A Wonderful Lief Garrett #HolidayCelebs #PointsMe	0
677166801407504384	#HolidayCelebs Drake-del, Drake-del @midnight	0
677173858827411457	Danny Elf-Man   #HolidayCelebs @midnight	0
677179027069788160	Big Baby Jesus' Birthday #HolidayCelebs #PointsMe @midnight	0
677177653334425600	Daniel Day of the Dead Lewis #HolidayCelebs @midnight	0
677173334732238848	@midnight  #HolidayCelebs Judy Garland	0
677173243996979201	@midnight #HolidayCelebs   Cher your holiday gaiety with exquisite Judy Garland and Jolly Old St. Nicki Minaj. Madonna and child optional.	0
677173586549858304	@midnight  #HolidayCelebs cAndy cane Serkis	0
677171521710768129	@midnight #HolidayCelebs Samuel L Jackfrost	0
677168272257769472	Steve O Holy Night #HolidayCelebs @midnight @steveo	0
676982912840019968	Angelina Jolly #HolidayCelebs @midnight	1
677185612135337984	@midnight Let it Edward Snowden #HolidayCelebs #PointsMe	0
677183443403321345	Malcolm X-mas #HolidayCelebs  @midnight	0
677190954319806464	Madonna #HolidayCelebs @midnight	0
677162426526117888	Sandra Independence Day O'ChristmasTree #HolidayCelebs @midnight	0
677170454134657024	@midnight #HolidayCelebs  Alf on a Shelf https://t.co/7fEvK8LMbB	0
677162925493219332	Snoopdeer the red eyes reindeer #HolidayCelebs @midnight	0
677163820037599232	Silent Christopher Knight  @midnight #HolidayCelebs	0
677179476502007808	Felicia Naviday #HolidayCelebs @midnight #PointsMe	0
677167408554057728	Menorah Jones #HolidayCelebs @midnight	0
677169937262239744	Jennifer Jason Sleigh #HolidayCelebs @midnight	0
676983622583369729	Neil St Patrick's Day Harris #HolidayCelebs @midnight #PointsMe	1
677162514023518208	Would you be my Karen Valentine? #HolidayCelebs @midnight	0
677189909011111937	Governor Rudolph Giuliani #HolidayCelebs #PointsMe @midnight	0
677165791389736960	Yule Log Brenner #HolidayCelebs @midnight	0
677165928828682240	Morris Chestnut on an Open Fire. #HolidayCelebs @midnight	0
677189141709262848	Golden Ringo Starr #HolidayCelebs @midnight	0
677171156680601600	@midnight  #HolidayCelebs  Kim Kar-dashing all the way	0
676983833774981120	@midnight O Come All Ye Faith Hill #HolidayCelebs #PointsMe	1
677185328638205953	Pchum Ben Affleck #HolidayCelebs @midnight	0
677166914645450752	Good ol' Chrissy "Christmas" Snow from Three'sCompany!  #HolidayCelebs @midnight https://t.co/qwOEyuyZa3	0
677168032200921089	Raekwanzaa  The Chef #HolidayCelebs @midnight	0
677167920326139904	Donald Trump-Pa-rum-pum-pum-pum #HolidayCelebs @midnight	0
677191617766424576	Donald Krampus. @midnight #HolidayCelebs	0
677167339947876352	@midnight #HolidayCelebs  Eve Sugar Plum Silent Christopher Knight	0
677188492204507136	@midnight @MeaghanRath @ItsJak_Knight @CheetoSantino Jenna Elfman on a Shelf #HolidayCelebs	0
677180497576001540	Eric Decker the halls #HolidayCelebs #pointsme @midnight	0
677162561960321025	Amy North Poehler #HolidayCelebs @midnight	0
677184474388426752	Shannon Elizabethlehem #HolidayCelebs @midnight	0
676982068631494656	RamaDonald Trump #HolidayCelebs @midnight	1
677186549516124160	Pointsettia Carrere #HolidayCelebs @midnight	0
676995032063352832	Katie Holmes For The Holidays @midnight #HolidayCelebs	1
677184793281495040	Quentinsel Tarantino #HolidayCelebs @midnight	0
677173948413403136	@midnight Eva Greensleeves #HolidayCelebs	0
677179081448775680	Saint Nicolous Cage @midnight #HolidayCelebs	0
677181710665195522	Poperah #HolidayCelebs @midnight	0
677175893282844673	@midnight Deck the Anthony Michael Halls #HolidayCelebs #PointsMe	0
677174437859446784	Halle-ween Berry  #HolidayCelebs @midnight	0
677167548518019072	Wolf Blitzen #HolidayCelebs @midnight	0
677180920865144834	@midnight Michelle Kwanzaa #HolidayCelebs #PointsMe	0
677177612515471361	@midnight I'll Be Homer Simpson For Xmas #HolidayCelebs #PointsMe	0
677187834181238784	Rosh Hashanah Dana  #HolidayCelebs @midnight	0
677164745300951040	@pileckis #HolidayCelebs Mistletoe Copeland @midnight	0
677184658308747264	@midnight #holidaycelebs  Holly Berry	0
676986105774931968	Hark the Harold Ramis Sing #HolidayCelebs @midnight	2
677169270791544832	Let it Snowden #HolidayCelebs @midnight	0
676983203828260866	Ten Lordes-A-Leaping #HolidayCelebs @midnight  #PointsMe	1
677167768752406529	#HolidayCelebs Christian Jingle Bale @midnight	0
677175626713837568	@midnight rude Dolph Lundgren #pointsme #HolidayCelebs	0
676985711426478080	The Artist Formerly Known As Prancer #HolidayCelebs @midnight	1
677161791340871680	Chris HardWreath #HolidayCelebs @midnight #PointsMe	0
677187422044725249	Ramadan Aykroyd  #HolidayCelebs @midnight	0
677177896767725568	@inviolablevoice @midnight Little Drummer Fallout Boy?  #HolidayCelebs	0
676983541851422720	Little Drummer Boy George #HolidayCelebs @midnight	1
677176059314364416	Martin Luther King Junior Day #HolidayCelebs @midnight https://t.co/PpKn9XWdex	0
677167286193549313	#HolidayCelebs Christmas Hardwick @midnight	0
677189405732380672	#HolidayCelebs Vanilla Icicles @midnight @vanillaice	0
677186685164199936	Marty Feldman Gras  #HolidayCelebs @midnight	0
677181367868923909	@midnight YULE Brynner, duh! #HolidayCelebs #PointsMe	0
677184422001659904	Christmas Cesaro #HolidayCelebs @midnight	0
677188885336604672	Ice-Tinsel @midnight #HolidayCelebs	0
677175130494279680	Rudolph the Red Faced Giuliani   #HolidayCelebs @midnight	0
677180152456024064	DMX-mas #HolidayCelebs #PointsMe @midnight	0
677179943101538307	@midnight #HolidayCelebs Jingle Kristen Bells @IMKristenBell	0
677179222784409600	@midnight RamaDaniel Craig #HolidayCelebs #PointsMe	0
677181248004071424	Silent Wayne Knight #HolidayCelebs @midnight	0
677162006126927874	Christmas CardWick #HolidayCelebs @midnight #PointsMe	0
677162972653993984	Kanye Festivus #HolidayCelebs @midnight	0
677188211752349697	God rest ye merry Hugh Jackman @midnight  #HolidayCelebs	0
677170017205620736	Wreath Witherspoon #HolidayCelebs @midnight	0
677188451859435520	Retweeted @midnight (@midnight):  Our panel decked the red carpeted halls playing #HolidayCelebs. Watch it online... https://t.co/sPaeResUhL	0
677182888572403712	Michelle Kwanza @midnight #HolidayCelebs	0
677190462705274880	John Sta-mas #HolidayCelebs @midnight	0
677190431344578562	Robert Downey Joynior #HolidayCelebs @midnight	0
677179527328628736	Maya Rudolph the Red-Nosed Reindeer #HolidayCelebs @midnight	0
677185695132336128	Corpus Chris Christi #HolidayCelebs @midnight	0
677175924903800834	12 Felica Days of Christmas #HolidayCelebs @midnight	0
677177411402924034	Commenorah #HolidayCelebs @midnight	0
677190164158918656	@midnight Eliza-Bethlehem Banks #HolidayCelebs #PointsMe @ElizabethBanks https://t.co/QsvtNr4sST	0
677180115260825600	@midnight A Christmas Carol O'Connor #HolidayCelebs #PointsMe https://t.co/sw30grbqII	0
677190720214720513	Santa Klaus Kinski #HolidayCelebs @midnight	0
677168147372314624	@midnight #HolidayCelebs  Comet, Cupid, Donner and Wolf Blitzen.	0
677185120030228480	@midnight Jean Claude Van Damme I Love Xmas! #HolidayCelebs #PointsMe	0
677182150341447680	Trump the wild haired asshat #HolidayCelebs @midnight	0
677177293341528064	@midnight Tis The Season To Be Jay-Z #HolidayCelebs #PointsMe	0
677176153464020993	Kenny Noggins #HolidayCelebs @midnight	0
677161352671174656	Snowflake Lively. #HolidayCelebs @midnight	0
677169017065308164	.@midnight Saint Nicolas Cage #HolidayCelebs	0
676983738140647424	Silent M. Night Shyamalan #HolidayCelebs @midnight	1
