732952443986792448	@midnight #OneLetterOffFoods Anything from Dairy Queef	0
732948394495381504	@midnight #OneLetterOffFoods GLTBBQ	0
732946315634741248	#OneLetterOffFoods @midnight  MILF Chocolate.	0
732940737986203648	Reeses Peanut Butter Pup #Oneletterofffoods @midnight	0
732948266732687360	@midnight #OneLetterOffFoods BBQ Ork Ribs	0
732942160643809280	Habanegro Chile #OneLetterOffFoods @midnight	0
732941634258624513	Lasagina #OneLetterOffFoods @midnight	0
732942163521077248	Bbq Mork @midnight #OneLetterOffFoods	0
732950011638603777	@midnight #OneLetterOffFoods  Cheezh-its	0
732942598864703488	Chill Dogs #OneLetterOffFoods @midnight	0
732951934114660354	@midnight @hardwick turds and whey #OneLetterOffFoods	0
732941862265335808	@midnight Jizza #OneLetterOffFoods	0
732947693610340352	@midnight #OneLetterOffFoods Goast	0
732952717669347329	@midnight #OneLetterOffFoods Fluffer Neuter	0
732939559969906689	Bat Peanuts #OneLetterOffFoods @midnight	0
732952331470397440	@midnight #OneLetterOffFoods Rape Nuts	0
732941046867365892	Poysenberry Pie #Oneletterofffoods @midnight	0
732944785896415233	Allspic #OneLetterOffFoods @midnight	0
732944364381425665	@TomDiNardo @midnight uhhh, Not Dogs #OneLetterOffFoods	0
732952282921357317	@midnight #OneLetterOffFoods Porn Pops	0
732946524968124418	Bing Dongs! @midnight   #OneLetterOffFoods https://t.co/zB2AtmW9WA	0
732947773679669248	@midnight #OneLetterOffFoods Grilled Cleese	0
732945500526125057	Leggplant #OneLetterOffFoods @midnight	0
732950077774274560	Corned Beef Rash #OneLetterOffFoods @midnight	0
732947993989644288	@midnight #OneLetterOffFoods Ham-on-lye	0
732945562912362496	@midnight peznut butter #OneLetterOffFoods	0
732952792176939016	@midnight #OneLetterOffFoods Brain Flakes	0
732947575448440833	Irish sod bread #OneLetterOffFoods @midnight	0
732951517733380096	Egg Folks #OneLetterOffFoods @midnight	0
732941533813542912	@midnight #OneLetterOffFoods Lice Cream	0
732952935500500992	@midnight #OneLetterOffFoods Crap Cakes	0
732952758886772737	@midnight #OneLetterOffFoods Wonder Breed	0
732950707771318273	@midnight Stuffed Rust Pizza #OneLetterOffFoods	0
732939355673776130	Wrench Fries #OneLetterOffFoods @midnight	0
732938863665106944	#OneLetterOffFoods @midnight " 'The Mountain' Ew!" You don't want to know what reanimated him. Slogan: "Hold your bro's face to the fire!"	0
732938641350270976	@midnight #OneLetterOffFoods P&amp;BJ	0
732952682265214976	@midnight #OneLetterOffFoods Dank Chocolate	0
732952612237008898	Lurky Charms: They're magically suspicious #OneLetterOffFoods @midnight	0
732942982362472448	Scrambled Leggs  #OneLetterOffFoods  @midnight	0
732945968799223808	@midnight @hardwick "bubble cum bubble cum in a dish, how many pieces do you wish?"   #oneletteroffFoods	0
732950230241554432	@midnight #OneLetterOffFoods  P &amp; BJs	0
732950734107488256	@midnight #OneLetterOffFoods  B &amp; M's	0
732940487275876358	Spicy tuna troll #Oneletterofffoods @midnight	0
732948160100761602	#OneLetterOffFoods @midnight Grilled Anus	0
732945971282366465	Gay leaf  #OneLetterOffFoods @midnight	0
732946849301024769	Harshmallows  #OneLetterOffFoods @midnight	0
732941271036108800	Mouseaka #OneLetterOffFoods @midnight	0
732952408540762112	@midnight #OneLetterOffFoods Fuck a l'Orange	0
732951722423943168	Laming hop peetos #OneLetterOffFoods @midnight	0
732938976047292418	Creamed Porn #OneLetterOffFoods @midnight	0
732944654778269696	goatmeal  #Oneletterofffoods @midnight	0
732947097058566145	Banalas  #OneLetterOffFoods #BoringFoods @midnight	0
732952902923366401	@midnight #OneLetterOffFoods Baked Bris	0
732940114578440192	Chex Dix  #OneLetterOffFoods  @midnight	0
732948597415632900	#OneLetterOffFoods Ice Dream @midnight	0
732953012965146624	@midnight #OneLetterOffFoods Spittles (or Shittles)	0
732946100651352069	@OfficialTAZ  Fyi the tag #OneLetterOffFoods came from the show @midnight .They can get up to 70,000 tweets a night. https://t.co/zsrBXPaRyU	0
732939636188663808	Lemonaids #Oneletterofffoods @midnight	0
732951166678487041	@midnight Pizza Trolls #OneLetterOffFoods	0
732951294382592000	@midnight #OneLetterOffFoods  Cheez-Zits	0
732943861081726976	Taco Hell #Oneletterofffoods @midnight	0
732946625593663494	Money Roasted Peanuts #OneLetterOffFoods @midnight	0
732952142173110272	Gran flakes #OneLetterOffFoods @midnight	0
732946889063170048	crack of lamb #OneLetterOffFoods @midnight	0
732941517678116864	Porn Chowder  #OneLetterOffFoods @midnight	0
732949080696082432	@midnight #OneLetterOffFoods Krool-Aid	0
732945099882008578	dick a l'orange (should probably see a doctor about that) #OneLetterOffFoods @midnight	0
732947549427015680	@midnight red ball. Gives you wangs! #oneletterofffoods	0
732952576774266881	@midnight #OneLetterOffFoods Mountain Ew	0
732939043785179136	#oneletterofffoods @midnight  Scorned Beef Hash	0
732945519333543936	Cum in  #OneLetterOffFoods @midnight	0
732952831326597121	@midnight #OneLetterOffFoods Ham And Egos	0
732944788354260992	Spooge cake #OneLetterOffFoods @midnight	0
732945799450001408	Chicken Poodle Soup #OneLetterOffFoods @midnight	0
732952873626144769	@midnight #OneLetterOffFoods Ham Socks	0
732946170130010112	Ale  #OneLetterOffFoods @midnight  So much healthier for you than the kryptonite, "Ka-El."	0
732943240169545729	Porn and Beans #OneLetterOffFoods @midnight	0
732941491027369984	Birthday Coke  #OneLetterOffFoods  @midnight	0
732945826150899712	Double Chocolate Fudge Mice Cream  #OneLetterOffFoods @midnight	0
732939065767690240	Pootine #OneLetterOffFoods @midnight	0
732939969015078917	@midnight horitoes #OneLetterOffFoods	0
732941110516023297	@midnight Mole asses cookies #OneLetterOffFoods	0
732950409317212160	Crapple #OneLetterOffFoods @midnight https://t.co/dskpGu5cc3	0
732939099783368704	Cold Cums from the deli #OneLetterOffFoods @midnight	0
732943045541384192	Fugyu #OneLetterOffFoods @midnight	0
732949344932892672	Rack of Mamb #OneLetterOffFoods  @midnight	0
732952400772759552	Sweet Dream Butter #OneLetterOffFoods @midnight	0
732941720996990976	Key Slime Pie  #OneLetterOffFoods @midnight	0
732942949617565696	Hung Beans #OneLetterOffFoods @midnight	0
732943706337107968	Beet Pot Roast #OneLetterOffFoods @midnight	0
732952587230535681	Pita Rap #OneLetterOffFoods @midnight	0
732949609287311360	@hardwick @midnight   Fruit Poops. #OneLetterOffFoods	0
732947432829374465	Beef Skank  #OneLetterOffFoods  @midnight	0
732952614753697793	@midnight #OneLetterOffFoods When it comes to Peanut Butter, choosy mothers choose Jiz.	0
732948860063088641	Bangers &amp; Rash #OneLetterOffFoods @midnight	0
732941474522750976	Queef Burpito  #Oneletterofffoods @midnight	0
732952482809286656	@midnight #OneLetterOffFoods Jiffy Poo	0
732940013139337216	SPAT #oneletterofffoods @midnight	0
732947678703849472	Cap'n Crunk #oneletterofffoods @midnight	0
732952651185463296	@midnight #OneLetterOffFoods Milky Wax	0
732952374273249281	@midnight #OneLetterOffFoods Hostess Cum Cakes	0
732949281229942785	@midnight #OneLetterOffFoods Chicken fenders	0
732939978511142912	Chicken Fried Mice #OneLetterOffFoods @midnight	0
732952669673934848	Ruffalo Wings #OneLetterOffFoods @midnight @MarkRuffalo	0
732943597595545600	Peasant Under Glass #OneLetterOffFoods @midnight	0
732950377168048128	Artichode #OneLetterOffFoods @midnight	0
732941909426118656	Baked Zits  #OneLetterOffFoods @midnight	0
732948845441777664	@midnight #OneLetterOffFoods Western homelette	0
732951576692678656	Carny Asada #OneLetterOffFoods @midnight https://t.co/Cg3coKb6C3	0
732950566175805441	Han sandwich #OneLetterOffFoods @midnight	0
732946960273924096	Cheeseburger, hold the tickles #OneLetterOffFoods @midnight	0
732938703056723969	Strawberry Shart Cake  #OneLetterOffFoods @midnight  https://t.co/oM3q6sDgrg https://t.co/8uUaEJJK0i	0
732952518859366401	@midnight #OneLetterOffFoods Lice Krispies	0
732945766650662912	Mancakes #Oneletterofffoods @midnight	0
732941614662852608	Chicken Enchilava #Oneletterofffoods @midnight	0
732942393377456128	Cum Cakes #OneLetterOffFoods @midnight	0
732948128211468292	#OneLetterOffFoods @midnight Fried Lice	0
732948126642933760	@midnight #OneLetterOffFoods An oaf of breed	0
732942322145468420	Raple Syrup #Oneletterofffoods @midnight	0
732943973715718145	Shrimp Amen #OneLetterOffFoods @midnight	0
732947919913897984	@midnight #OneLetterOffFoods I Can't Believe It's Not Butt	0
732948540838797312	@midnight #OneLetterOffFoods Sand witch	0
732940195541049344	Bronut #Oneletterofffoods @midnight	0
732943466892648448	Classified Butter #OneLetterOffFoods @midnight	0
732947769166467072	#OneLetterOffFoods @midnight French Cries. I think i did this wrong	0
732949144634068992	Beef Strokanoff   @midnight #OneLetterOffFoods	0
732821547006763008	Dali meats #OneLetterOffFoods @midnight https://t.co/u8p8MpaphT	1
732782072234921984	Milk Dudes #OneLetterOffFoods @midnight	1
732778678376009728	I can't believe it's Nut Butter!! #OneLetterOffFoods @midnight	1
732805864009138177	Chickpee #OneLetterOffFoods @midnight	1
732783470775263232	Porndog #OneLetterOffFoods @midnight	1
732776628225335296	Chicken Poodle Soup. #OneLetterOffFoods @midnight	1
732777136272986112	Hamburger Yelper @midnight #OneLetterOffFoods	1
732776262230380544	Fish and Chimps  #OneLetterOffFoods @midnight	1
732779331169210368	Child Con Carne @midnight #OneLetterOffFoods	2
732779484072534016	Lover and Onions #OneletteroffFoods @midnight	1
